{
  "retailer": 1.0,
  "distributor": 0.3073473928735229,
  "manufacturer": 0.34081207553762266
}