{
  "retailer": 0.3877470176453189,
  "distributor": 0.6288697127898074,
  "manufacturer": 0.5922187666390247
}