{
  "retailer": 0.3877794097755529,
  "distributor": 0.6290362346213005,
  "manufacturer": 0.5931661261148115
}